fecha,cantDeptosAfectados,Artigas(UY-AR),Canelones(UY-CA),Cerro Largo(UY-CL),Colonia(UY-CO),Durazno(UY-DU),Flores(UY-FS),Florida(UY-FD),Lavalleja(UY-LA),Maldonado(UY-MA),Montevideo(UY-MO),Paysandú(UY-PA),Río Negro(UY-RN),Rivera(UY-RV),Rocha(UY-RO),Salto(UY-SA),San José(UY-SJ),Soriano(UY-SO),Tacuarembó(UY-TA),Treinta y Tres(UY-TT),ActivosPais,Casos retornados
29/04/2020,8,0,17,0,2,0,0,0,0,8,167,0,1,0,0,2,2,0,0,4,203,
30/04/2020,8,0,14,0,2,0,0,0,0,7,177,0,1,0,0,2,2,0,0,4,209,
01/05/2020,7,0,13,0,2,0,0,0,0,7,167,0,1,0,0,0,2,0,0,4,196,
02/05/2020,7,0,15,0,2,0,0,0,0,7,164,0,1,0,0,0,2,0,0,4,195,
03/05/2020,7,0,15,0,2,0,0,0,0,7,165,0,1,0,0,0,1,0,0,5,196,
04/05/2020,7,0,17,0,2,0,0,0,0,7,160,0,1,0,0,0,1,0,0,5,193,
05/05/2020,6,0,18,0,3,0,0,0,0,8,143,0,1,0,0,0,0,0,0,12,185,
06/05/2020,6,0,18,0,3,0,0,0,0,6,130,0,1,0,0,0,0,0,0,12,170,
07/05/2020,7,0,18,0,2,0,0,0,0,7,134,0,1,1,0,0,0,0,0,12,175,
08/05/2020,7,0,18,0,2,0,0,0,0,10,126,0,1,1,0,0,0,0,0,12,170,
09/05/2020,7,0,18,0,2,0,0,0,0,10,127,0,1,1,0,0,0,0,0,12,171,
10/05/2020,8,0,19,0,2,0,0,0,0,10,124,0,1,1,0,0,2,0,0,12,171,
11/05/2020,8,0,20,0,2,0,0,0,0,13,119,0,1,1,0,0,2,0,0,11,169,
12/05/2020,8,0,18,0,2,0,0,0,0,9,121,0,1,2,0,0,2,0,0,11,166,
13/05/2020,8,0,15,0,2,0,0,0,0,10,115,0,1,2,0,0,2,0,0,8,155,
14/05/2020,8,0,16,0,2,0,0,0,0,12,115,0,1,2,0,0,2,0,0,8,158,
15/05/2020,8,0,15,0,2,0,0,0,0,13,117,0,1,2,0,0,2,0,0,8,160,
16/05/2020,8,0,15,0,2,0,0,0,0,13,113,0,1,2,0,0,2,0,0,8,156,
17/05/2020,8,0,15,0,2,0,0,0,0,13,107,0,1,2,0,0,2,0,0,8,150,
18/05/2020,8,0,15,0,2,0,0,0,0,14,104,0,1,2,0,0,2,0,0,8,148,
19/05/2020,7,0,16,0,2,0,0,0,0,13,103,0,1,2,0,0,2,0,0,0,139,
20/05/2020,8,1,16,0,2,0,0,0,0,12,102,0,1,2,0,0,2,0,0,0,138,
21/05/2020,8,2,15,0,2,0,0,0,0,10,99,0,1,4,0,0,2,0,0,0,135,
22/05/2020,8,2,15,0,1,0,0,0,0,9,95,0,1,5,0,0,2,0,0,0,130,
23/05/2020,8,2,15,0,1,0,0,0,0,7,86,0,1,12,0,0,2,0,0,0,126,
24/05/2020,8,2,15,0,1,0,0,0,0,6,91,0,1,12,0,0,1,0,0,0,129,
25/05/2020,6,2,15,0,0,0,0,0,0,5,84,0,1,29,0,0,0,0,0,0,136,
26/05/2020,6,2,14,0,0,0,0,0,0,4,78,0,1,30,0,0,0,0,0,0,129,
27/05/2020,7,2,12,0,0,0,0,0,0,1,76,0,1,38,0,0,1,0,0,0,131,
28/05/2020,7,2,11,1,0,0,0,0,0,1,79,0,0,40,0,0,1,0,0,0,135,
29/05/2020,8,2,11,1,0,0,0,0,0,1,55,0,0,42,0,1,1,0,0,0,114,
30/05/2020,8,3,11,1,0,0,0,0,0,1,54,0,0,45,0,1,1,0,0,0,117,
31/05/2020,8,3,11,1,0,0,0,0,0,1,52,0,0,46,0,1,1,0,0,0,116,
01/06/2020,8,3,10,1,0,0,0,0,0,1,48,0,0,48,0,1,1,0,0,0,113,
02/06/2020,8,3,10,1,0,0,0,0,0,0,47,0,0,48,1,1,1,0,0,0,112,
03/06/2020,8,3,11,1,0,0,0,0,0,0,44,0,0,45,1,1,1,0,0,0,107,
04/06/2020,9,2,9,1,0,0,1,0,0,0,42,0,0,42,1,1,1,0,0,0,100,
05/06/2020,9,2,8,1,0,0,1,0,0,0,35,0,0,40,1,1,1,0,0,0,90,
06/06/2020,11,2,10,1,3,0,1,0,0,0,36,0,1,39,1,1,1,0,0,0,96,
07/06/2020,11,2,10,1,3,0,1,0,0,0,32,0,1,39,1,1,1,0,0,0,92,
08/06/2020,11,1,10,1,3,0,1,0,0,0,31,0,1,33,1,1,1,0,0,0,84,
09/06/2020,10,0,9,1,3,0,1,0,0,0,26,0,1,25,1,1,1,0,0,0,69,
10/06/2020,9,0,10,0,3,0,1,0,0,0,24,0,1,24,1,1,1,0,0,0,66,
11/06/2020,8,0,9,0,3,0,1,0,0,0,20,0,1,16,1,1,0,0,0,0,52,
12/06/2020,8,0,7,0,3,0,1,0,0,0,17,0,1,13,1,1,0,0,0,0,44,
13/06/2020,8,0,7,0,3,0,1,0,0,0,15,0,1,11,1,1,0,0,0,0,40,
14/06/2020,8,0,6,0,3,0,1,0,0,0,14,0,1,10,1,1,0,0,0,0,37,
15/06/2020,9,0,6,0,3,0,1,0,0,0,12,0,1,7,1,1,0,0,1,0,33,
16/06/2020,8,0,4,0,2,0,1,0,0,0,10,0,1,4,0,1,0,0,1,0,24,
17/06/2020,8,0,4,0,2,0,1,0,0,0,4,0,1,1,0,1,0,0,1,0,15,
18/06/2020,7,0,4,0,1,0,0,0,0,0,3,0,1,1,0,1,0,0,1,0,12,
19/06/2020,9,0,4,0,1,0,0,0,0,0,3,0,1,2,0,1,1,0,1,1,15,
20/06/2020,8,0,4,0,1,0,0,0,0,0,2,0,0,2,0,1,1,0,2,6,19,
21/06/2020,8,0,6,0,1,0,0,0,0,0,6,0,0,2,0,1,1,0,2,18,37,
22/06/2020,7,0,6,0,0,0,0,0,0,0,6,0,0,2,0,1,1,0,2,24,42,
23/06/2020,7,0,6,0,0,0,0,0,0,0,7,0,0,2,0,1,1,0,2,26,45,
24/06/2020,7,0,6,0,0,0,0,0,0,0,7,0,0,1,0,1,1,0,2,43,61,
25/06/2020,7,0,6,0,0,0,0,0,0,0,7,0,0,1,0,1,1,0,2,45,63,
26/06/2020,7,0,7,0,0,0,0,0,0,0,9,0,0,1,0,1,1,0,2,54,75,
27/06/2020,7,0,7,0,0,0,0,0,0,0,9,0,0,1,0,1,1,0,2,59,80,
28/06/2020,8,0,7,0,0,0,0,0,0,0,10,1,0,1,0,1,1,0,2,61,84,
29/06/2020,7,0,7,0,0,0,0,0,0,0,9,1,0,0,0,1,1,0,1,63,83,
30/06/2020,6,0,7,0,0,0,0,0,0,0,9,1,0,0,0,1,0,0,1,66,85,
01/07/2020,6,0,7,0,0,0,0,0,0,2,10,1,0,0,0,0,0,0,1,69,90,
02/07/2020,6,0,7,0,0,0,0,0,0,2,11,1,0,0,0,0,0,0,1,72,94,
03/07/2020,6,0,4,0,0,0,0,0,0,2,12,1,0,0,0,0,0,0,1,67,87,
04/07/2020,6,0,5,0,0,0,0,0,0,2,12,1,0,0,0,0,0,0,1,66,87,
05/07/2020,5,0,5,0,0,0,0,0,0,2,10,1,0,0,0,0,0,0,0,61,79,
06/07/2020,5,0,5,0,0,0,0,0,0,2,9,1,0,0,0,0,0,0,0,56,73,
07/07/2020,7,0,4,0,0,0,0,0,0,2,10,1,0,0,0,0,0,1,2,51,71,
08/07/2020,9,1,4,1,0,0,0,0,0,3,14,1,0,0,0,0,0,1,2,47,74,
09/07/2020,9,3,4,1,0,0,0,0,0,3,14,1,0,0,0,0,0,1,2,41,70,
10/07/2020,10,3,3,5,0,0,0,0,0,3,14,1,0,1,0,0,0,1,3,36,70,
11/07/2020,10,3,3,4,0,0,0,0,0,3,14,1,0,1,0,0,0,1,3,27,60,
12/07/2020,9,3,3,4,0,0,0,0,0,3,15,1,0,1,0,0,0,0,3,27,60,
13/07/2020,9,3,4,4,0,0,0,0,0,4,14,1,0,1,0,0,0,0,3,21,55,
14/07/2020,8,3,4,4,0,0,0,0,0,4,22,0,0,1,0,0,0,0,3,20,61,
15/07/2020,8,3,6,5,0,0,0,0,0,4,31,0,0,0,1,0,0,0,3,16,69,
16/07/2020,8,3,6,7,0,0,0,0,0,2,45,0,0,0,1,0,0,0,3,11,78,
17/07/2020,8,3,6,7,0,0,0,0,0,2,53,0,0,0,1,0,0,0,3,13,88,
18/07/2020,8,2,6,8,0,0,0,0,0,2,56,0,0,0,1,0,0,0,3,12,90,
19/07/2020,8,2,7,8,0,0,0,0,0,2,63,0,0,0,2,0,0,0,3,12,99,
20/07/2020,10,2,11,8,0,0,0,0,0,2,67,0,0,1,2,0,1,0,1,8,103,
21/07/2020,10,3,15,8,0,0,0,0,0,3,90,0,0,3,2,0,1,0,1,8,134,
22/07/2020,11,2,20,9,0,0,0,0,0,3,104,1,0,1,2,0,1,0,1,5,149,
23/07/2020,11,3,25,6,0,0,0,0,0,2,120,1,0,1,2,0,1,0,1,5,167,
24/07/2020,11,4,27,6,1,0,0,0,0,2,128,1,0,6,4,0,2,0,0,5,186,
25/07/2020,11,4,27,6,1,0,0,0,0,2,133,1,0,8,4,0,2,0,0,5,193,
26/07/2020,12,4,32,8,1,0,0,0,0,3,139,1,0,9,4,2,2,0,0,5,210,
27/07/2020,12,2,35,9,1,0,0,0,0,3,146,1,0,4,5,3,2,0,0,5,216,
28/07/2020,12,2,37,5,1,0,0,0,0,3,155,2,0,5,4,3,2,0,0,6,225,
29/07/2020,13,7,39,5,1,0,0,0,0,4,158,2,1,5,4,3,2,0,0,4,235,
30/07/2020,14,7,35,4,1,0,1,0,0,4,158,2,1,5,3,3,2,0,0,4,230,
31/07/2020,14,8,37,2,1,0,1,0,0,4,161,2,1,5,5,2,2,0,0,4,235,
01/08/2020,14,8,39,4,1,0,1,0,0,5,162,2,1,5,5,2,2,0,0,2,239,
02/08/2020,15,7,39,4,1,0,1,0,0,4,163,2,1,4,4,3,2,1,0,3,239,
03/08/2020,14,4,39,2,1,0,1,0,0,4,164,2,1,4,4,3,2,0,0,1,232,
04/08/2020,14,4,38,1,1,0,1,0,0,7,148,2,1,4,4,2,1,0,0,1,215,
05/08/2020,13,7,39,0,1,0,1,0,0,6,139,2,1,6,2,1,1,0,0,1,207,
06/08/2020,14,6,38,0,2,0,1,0,1,6,132,1,1,7,2,2,2,0,0,1,202,
07/08/2020,15,6,37,0,1,0,1,0,1,3,127,1,2,6,1,2,3,0,1,1,193,
08/08/2020,14,6,38,0,1,0,1,0,2,2,117,1,2,5,1,2,7,0,0,1,186,
09/08/2020,15,5,37,0,1,0,1,0,1,3,116,1,2,6,2,2,12,0,1,1,191,
10/08/2020,14,5,35,0,0,0,1,0,1,3,107,1,2,5,2,2,15,0,1,1,181,
11/08/2020,14,5,33,2,0,0,1,0,1,3,109,0,2,9,2,2,19,0,2,1,191,
12/08/2020,14,4,33,1,0,0,1,0,1,3,112,0,1,10,2,2,19,0,2,2,193,
13/08/2020,14,5,29,1,0,0,0,0,1,3,107,1,1,14,2,2,21,0,4,1,192,
14/08/2020,15,5,31,1,2,0,0,0,1,2,107,1,1,18,3,2,22,0,4,1,201,
15/08/2020,15,7,29,1,2,0,0,0,1,2,103,1,1,25,1,1,23,0,4,1,202,
16/08/2020,15,6,25,1,2,0,0,0,1,2,105,1,1,28,1,1,23,0,4,1,202,
17/08/2020,16,6,25,1,3,0,0,0,1,1,110,1,1,30,1,1,24,2,4,1,212,
18/08/2020,16,10,25,1,3,0,0,0,1,1,110,1,2,38,1,1,25,2,4,1,226,
19/08/2020,15,11,21,1,3,0,0,0,1,1,113,1,1,38,1,0,26,2,4,1,225,
20/08/2020,15,15,18,1,3,0,0,0,1,1,111,1,0,36,1,2,26,2,4,1,223,
21/08/2020,14,14,20,1,3,0,0,0,0,1,117,1,0,37,1,2,21,2,4,1,225,
22/08/2020,14,14,16,1,3,0,0,0,0,1,113,1,0,39,1,2,17,2,4,1,215,
23/08/2020,11,14,15,1,3,0,0,0,0,0,112,0,0,38,0,2,18,2,3,1,209,
24/08/2020,10,14,17,0,3,0,0,0,0,0,107,0,0,33,0,1,15,2,3,1,196,
25/08/2020,10,13,15,0,3,0,0,0,0,0,99,0,0,33,0,1,14,2,3,1,184,
26/08/2020,10,11,17,0,3,0,0,0,0,0,96,0,1,31,0,1,12,2,4,0,178,
27/08/2020,9,11,17,0,1,0,0,0,0,0,96,0,0,32,0,1,12,2,3,0,175,
28/08/2020,11,8,12,0,1,0,1,0,0,0,93,0,1,29,0,1,12,2,1,0,161,
29/08/2020,10,6,12,0,1,0,1,0,0,0,100,0,1,25,0,0,12,3,1,0,162,
30/08/2020,11,6,13,0,1,0,1,0,0,0,107,0,2,18,0,2,9,3,1,0,163,
31/08/2020,9,1,11,0,0,0,1,0,0,0,103,0,1,17,0,0,4,1,3,0,142,
01/09/2020,10,0,12,0,0,0,1,1,0,1,108,0,1,15,0,0,5,1,3,0,148,
02/09/2020,11,0,14,0,0,0,1,1,0,1,116,0,1,6,1,0,4,1,3,0,149,
03/09/2020,11,0,14,0,0,0,1,1,0,1,123,0,1,6,1,0,3,1,3,0,155,
04/09/2020,11,0,16,0,0,0,1,1,0,1,126,0,1,5,4,0,3,1,3,0,162,
05/09/2020,11,0,14,0,0,0,1,1,0,1,132,0,1,5,5,0,1,1,3,0,165,
06/09/2020,11,0,14,0,0,0,1,1,0,1,142,0,1,5,5,0,1,1,3,0,175,1
07/09/2020,12,0,16,0,0,0,1,1,0,1,146,0,1,4,5,0,1,1,3,2,182,0
08/09/2020,12,0,14,0,0,0,1,1,0,1,151,0,1,7,6,0,3,1,3,2,191,0
09/09/2020,12,0,18,0,0,0,1,1,0,1,174,0,1,8,6,0,4,1,2,1,218,2
10/09/2020,12,0,20,0,0,0,1,1,0,1,180,0,2,10,6,0,5,1,2,1,230,0
11/09/2020,12,0,24,0,0,0,1,1,0,1,182,0,2,11,6,0,5,1,2,1,237,1
12/09/2020,10,0,25,0,0,0,0,2,0,1,178,0,1,13,6,0,4,0,2,1,233,1
13/09/2020,11,0,28,0,0,0,0,2,0,1,186,0,1,16,7,2,4,0,2,1,250,1
14/09/2020,9,1,27,0,0,0,0,2,0,1,182,0,0,15,6,0,4,0,0,1,239,1
15/09/2020,9,1,27,0,0,0,0,2,0,2,172,0,0,24,4,0,4,0,0,1,237,0
16/09/2020,9,1,26,0,0,0,0,2,0,2,178,0,0,35,4,0,3,0,0,1,252,0
17/09/2020,10,1,25,0,1,0,0,1,0,4,164,0,0,46,2,0,3,0,0,1,248,0
18/09/2020,10,1,25,0,1,0,0,1,0,4,155,0,0,49,1,0,3,0,0,1,241,1
19/09/2020,11,1,26,0,1,0,0,1,0,4,155,0,0,52,1,1,3,0,0,1,246,0
20/09/2020,10,1,25,0,1,0,0,1,0,4,153,0,0,59,1,0,4,0,0,1,250,0
21/09/2020,9,1,23,0,1,0,0,1,0,4,147,0,0,66,1,0,3,0,0,0,247,0
22/09/2020,9,1,19,0,2,0,0,1,0,4,147,0,0,66,1,0,2,0,0,0,243,0
23/09/2020,8,1,16,0,7,0,0,1,0,2,145,0,0,65,0,0,1,0,0,0,238,0
24/09/2020,8,1,16,0,7,0,0,0,1,2,140,0,0,64,0,0,2,0,0,0,233,0
25/09/2020,7,1,11,0,8,0,0,0,0,3,124,0,0,60,0,0,3,0,0,0,210,0
26/09/2020,8,1,12,0,13,1,0,0,0,3,136,0,0,66,0,0,3,0,0,0,235,0
27/09/2020,8,1,12,0,13,1,0,0,0,3,132,0,0,67,0,0,4,0,0,0,233,0
28/09/2020,7,0,9,0,13,1,0,0,0,3,121,0,0,57,0,0,4,0,0,0,208,0
29/09/2020,8,0,8,0,16,1,0,0,0,3,125,0,0,56,0,0,4,1,0,0,214,0
30/09/2020,8,0,11,0,18,1,0,0,0,3,114,0,0,55,0,0,4,1,0,0,207,2
01/10/2020,8,0,11,0,19,1,0,0,0,2,118,0,0,47,0,0,4,2,0,0,204,2
02/10/2020,11,0,10,1,20,1,0,0,1,2,133,0,0,47,1,0,4,5,0,0,225,0
03/10/2020,12,2,10,1,24,1,0,0,1,2,142,0,0,50,1,0,4,5,0,0,243,0
04/10/2020,13,2,13,0,30,1,0,0,1,2,134,0,1,57,1,2,5,4,0,0,253,3
05/10/2020,13,2,13,0,30,1,0,0,1,2,126,0,1,57,1,1,4,4,0,0,243,3
06/10/2020,13,2,13,1,32,1,0,0,2,3,129,0,0,57,1,1,4,4,0,0,250,3
07/10/2020,13,2,11,1,35,1,0,0,2,3,137,0,0,64,1,1,4,5,0,0,267,0
08/10/2020,13,2,7,1,29,1,0,0,2,3,141,0,0,75,1,1,3,7,0,0,273,1
09/10/2020,14,2,8,4,33,1,0,0,2,2,145,0,1,76,1,1,2,7,0,0,285,0
10/10/2020,14,2,8,6,33,1,0,0,2,3,147,0,1,73,1,1,3,7,0,0,288,0
11/10/2020,12,2,16,7,33,0,0,0,2,3,150,0,0,77,1,1,3,7,0,0,302,1
12/10/2020,12,2,20,7,30,0,0,0,2,3,154,0,0,82,1,1,3,7,0,0,312,1
13/10/2020,13,2,23,7,32,0,0,0,3,3,140,0,0,78,1,0,2,6,1,1,299,0
14/10/2020,12,0,24,7,35,0,0,0,2,3,165,0,0,81,1,0,2,6,2,2,330,0
15/10/2020,12,0,30,8,36,0,0,0,2,3,165,0,0,85,1,0,2,4,3,2,341,0
16/10/2020,12,2,32,8,34,0,0,0,2,4,175,0,0,89,0,0,1,4,4,2,357,0
17/10/2020,12,2,36,8,35,0,0,0,1,4,201,0,0,99,0,0,2,4,4,2,398,0
18/10/2020,13,2,40,8,34,0,0,0,1,4,176,0,0,96,0,1,2,4,5,2,375,0
19/10/2020,13,2,40,8,30,0,0,0,1,4,185,0,0,104,0,1,2,4,5,2,388,0
20/10/2020,14,2,44,7,30,1,0,0,1,3,204,0,0,123,0,1,2,4,5,2,429,0
21/10/2020,13,3,49,6,30,0,0,1,0,3,215,0,0,119,0,1,2,2,5,2,438,4
22/10/2020,13,2,56,6,25,0,0,1,0,3,224,0,0,116,0,1,2,1,5,2,444,1
23/10/2020,16,4,61,3,16,0,1,1,0,3,240,1,1,118,0,1,2,2,10,1,465,1
24/10/2020,15,5,48,0,12,0,1,1,0,3,250,1,2,115,0,1,2,1,10,1,453,0
25/10/2020,15,4,46,0,10,0,1,1,0,3,262,1,1,103,0,1,3,1,9,1,447,4
26/10/2020,15,4,44,0,7,0,1,1,0,3,239,1,1,91,0,1,3,1,9,1,407,3
27/10/2020,14,4,45,0,6,0,1,1,0,3,237,1,1,92,0,2,4,1,9,0,407,0
28/10/2020,13,8,43,0,4,0,1,1,0,3,269,1,1,99,0,0,6,1,8,0,445,0
29/10/2020,12,9,44,0,2,0,1,0,0,5,300,1,2,102,0,0,8,1,8,0,483,0
30/10/2020,12,8,46,0,2,0,1,0,0,5,307,1,2,100,0,0,11,1,8,0,492,1
31/10/2020,12,8,39,0,1,0,1,0,1,6,331,1,2,98,0,0,10,0,8,0,506,0
01/11/2020,10,6,36,0,0,0,1,0,1,6,332,0,1,92,0,0,10,0,4,0,489,0
02/11/2020,11,5,37,0,1,0,1,0,1,6,306,0,1,77,0,0,10,0,2,0,447,0
03/11/2020,12,4,36,1,1,0,1,0,1,4,290,0,1,58,0,0,9,0,2,0,408,0
04/11/2020,11,4,53,1,0,0,2,0,1,3,282,0,1,57,0,0,8,0,2,0,414,0
05/11/2020,12,4,54,2,0,0,2,0,1,3,300,0,1,57,0,0,6,0,2,2,434,0
06/11/2020,13,4,55,3,3,0,2,0,1,2,317,0,1,57,0,0,5,0,3,3,456,0
07/11/2020,14,4,53,9,6,0,2,0,1,4,328,0,1,57,0,1,4,0,3,4,477,0
08/11/2020,15,3,62,30,12,0,2,0,2,4,328,0,1,49,0,2,3,1,3,7,509,0
09/11/2020,15,3,60,42,12,0,2,0,2,4,313,0,2,45,0,4,3,4,3,6,505,1
10/11/2020,14,4,74,45,16,0,4,0,2,6,315,0,0,39,0,3,3,4,3,6,524,0
11/11/2020,14,5,76,53,23,0,4,0,2,8,332,0,0,36,0,3,3,4,3,6,558,0
12/11/2020,14,5,81,61,28,0,3,0,2,14,374,0,0,41,0,2,2,6,2,8,629,0
13/11/2020,14,7,94,67,36,0,3,0,3,17,397,0,0,38,0,2,3,5,4,8,684,0
14/11/2020,14,8,84,74,41,0,3,0,3,19,421,0,0,36,0,2,5,8,7,7,718,0
15/11/2020,14,9,87,73,41,0,3,0,3,26,423,5,0,33,0,0,5,7,10,7,732,0
16/11/2020,14,8,95,75,41,0,2,0,3,26,435,5,0,34,0,0,5,7,10,7,753,0
17/11/2020,15,10,105,76,48,0,2,0,1,26,449,5,0,35,0,1,6,6,16,6,792,0
18/11/2020,15,10,115,79,51,0,2,0,1,28,460,12,0,31,0,1,6,7,17,4,824,0
19/11/2020,16,10,127,72,52,0,1,0,1,28,459,12,0,29,1,1,6,8,18,4,829,1
20/11/2020,16,14,139,77,45,0,1,0,1,29,466,12,0,30,7,1,6,10,20,3,861,0
21/11/2020,16,14,158,73,49,0,1,0,2,26,457,12,0,32,11,1,6,10,21,1,874,0
22/11/2020,16,13,160,65,45,0,1,0,3,25,522,14,0,39,13,1,6,20,21,1,949,1
23/11/2020,17,15,166,51,40,0,1,1,2,25,510,13,0,43,12,3,5,20,21,1,929,7
24/11/2020,16,15,181,46,39,0,0,1,2,24,538,11,0,49,11,3,4,25,21,1,971,1
25/11/2020,18,16,202,42,40,2,0,1,2,23,537,12,1,42,16,3,4,28,20,1,992,0
26/11/2020,18,25,193,42,34,2,0,1,2,20,564,13,1,53,18,2,3,31,17,1,1022,0
27/11/2020,17,36,222,45,25,2,0,1,3,22,592,13,1,69,35,1,3,34,18,0,1122,0
28/11/2020,17,42,228,42,25,2,0,1,3,23,697,6,1,75,42,1,2,42,19,0,1251,0
29/11/2020,16,42,239,44,27,4,0,1,2,26,792,5,1,80,46,0,2,44,18,0,1373,3
30/11/2020,16,37,236,41,24,5,0,1,1,21,852,5,2,86,39,0,3,54,16,0,1423,7
01/12/2020,16,33,247,39,14,5,0,1,0,20,880,3,2,88,53,1,5,62,10,0,1463,1
02/12/2020,15,32,262,31,15,6,0,0,0,21,957,3,2,90,59,1,8,62,12,0,1561,2
03/12/2020,16,17,273,30,15,7,2,0,0,20,1053,2,2,97,54,2,11,66,17,0,1668,8
04/12/2020,17,19,295,31,14,6,1,1,0,22,1178,4,1,97,63,2,16,58,17,0,1825,8
05/12/2020,18,14,316,31,12,7,2,1,6,22,1236,4,16,97,69,2,24,61,18,0,1938,8
06/12/2020,18,14,342,33,12,7,3,5,0,27,1430,6,3,91,67,3,40,56,19,1,2159,1
07/12/2020,17,12,359,29,12,7,3,5,0,25,1452,5,2,93,60,3,46,51,18,0,2182,5
08/12/2020,18,15,364,27,15,5,3,7,2,23,1532,4,2,111,75,3,57,40,20,0,2305,2
09/12/2020,18,9,390,25,17,6,3,11,2,30,1643,4,2,106,80,8,62,35,20,0,2453,1
10/12/2020,18,10,405,20,19,5,3,11,3,33,1827,4,1,111,77,2,72,31,16,0,2650,7
11/12/2020,18,8,454,22,17,3,3,21,3,49,1882,4,2,132,83,3,85,30,17,0,2818,3
12/12/2020,18,9,492,28,18,3,3,30,5,49,1917,4,1,145,91,3,99,24,13,0,2934,6
13/12/2020,18,13,533,26,18,7,2,33,12,61,2162,7,1,146,86,4,106,25,16,0,3258,6
14/12/2020,18,14,540,27,24,5,2,35,17,74,2200,13,1,157,83,3,108,24,14,0,3341,11
15/12/2020,19,16,546,23,26,7,1,41,17,79,2238,15,1,181,81,2,112,22,16,1,3425,11
16/12/2020,19,17,599,26,26,12,2,47,19,80,2376,23,1,188,82,3,109,20,16,3,3649,1
17/12/2020,19,17,655,33,26,17,2,57,28,86,2558,35,2,198,63,3,108,16,17,4,3925,4
18/12/2020,19,25,688,39,22,21,3,61,28,97,2708,41,2,190,64,3,107,14,25,4,4142,6
19/12/2020,19,30,735,42,21,30,2,68,30,114,2893,44,2,200,59,10,112,13,31,5,4441,3
20/12/2020,19,42,738,46,23,33,1,72,30,122,3017,49,5,207,54,7,109,9,32,6,4602,6
21/12/2020,19,41,757,47,22,34,1,69,33,123,3069,47,5,203,53,6,107,11,34,8,4670,12
22/12/2020,19,36,764,46,26,44,3,71,34,112,3137,43,6,210,53,7,98,8,47,9,4754,2
23/12/2020,19,41,811,48,20,54,4,92,33,115,3279,39,6,228,46,9,103,10,55,15,5008,3
24/12/2020,19,52,849,46,25,74,4,87,30,119,3438,41,11,227,47,9,110,11,81,21,5282,7
25/12/2020,19,52,833,45,20,77,4,82,30,120,3396,36,12,220,50,10,108,10,97,24,5226,0
26/12/2020,19,47,830,42,17,84,5,79,33,117,3388,31,13,220,42,12,123,11,105,25,5224,1
27/12/2020,19,47,794,42,13,88,5,80,27,121,3400,39,14,216,36,15,118,11,109,29,5204,2
28/12/2020,19,41,773,43,13,86,5,70,28,112,3386,31,19,237,37,13,141,9,108,28,5180,7
29/12/2020,19,39,788,49,15,90,5,77,28,116,3385,31,23,266,39,14,152,9,134,28,5288,1
30/12/2020,19,38,752,50,16,93,6,71,35,122,3387,27,21,278,37,21,168,10,147,31,5310,1
31/12/2020,19,33,791,54,18,96,5,68,35,127,3463,26,24,300,33,23,177,9,157,31,5470,5
01/01/2021,19,39,804,60,24,91,5,67,35,133,3483,31,27,296,39,28,210,9,154,35,5570,0
02/01/2021,19,41,761,66,25,99,4,48,41,145,3386,26,22,307,49,25,240,9,152,36,5482,0
03/01/2021,19,51,761,76,26,96,4,51,43,154,3357,24,22,290,51,44,258,10,140,36,5494,11
04/01/2021,19,49,807,80,27,89,3,50,45,152,3445,23,21,325,50,44,262,6,159,39,5676,5
05/01/2021,19,53,851,79,28,88,4,46,43,145,3617,24,18,365,67,60,276,6,165,33,5968,5
06/01/2021,19,69,877,83,38,102,3,47,42,163,3767,24,14,387,86,82,287,8,178,30,6287,2
07/01/2021,19,79,938,103,38,93,3,39,40,155,3837,25,13,415,99,82,285,9,185,40,6478,1
08/01/2021,19,89,938,103,41,93,3,41,34,159,3764,28,14,428,99,90,276,8,169,45,6422,2
09/01/2021,19,93,884,107,38,85,2,40,38,173,3679,31,16,456,127,93,271,12,162,47,6354,0
10/01/2021,19,96,983,117,39,87,2,29,33,193,4014,46,17,479,158,116,268,14,172,54,6917,3
11/01/2021,19,92,1024,117,47,90,1,27,33,195,4195,45,18,446,159,105,251,16,169,54,7084,4
12/01/2021,19,95,1096,121,48,80,1,22,31,210,4469,51,19,468,175,106,249,19,168,50,7478,2
13/01/2021,19,93,1061,130,51,77,1,16,31,215,4447,57,15,488,190,123,226,22,170,54,7467,1
14/01/2021,19,93,1171,140,60,78,1,18,39,221,4758,70,21,519,208,127,237,27,177,59,8024,3
15/01/2021,19,93,1184,147,66,83,3,17,47,242,4905,85,21,514,211,119,228,27,182,58,8232,0
16/01/2021,19,97,1172,130,64,82,3,16,51,242,4857,89,22,556,218,133,225,33,184,61,8235,0
17/01/2021,19,94,1145,133,59,96,4,19,55,244,4770,98,19,550,223,139,233,32,186,58,8157,1
18/01/2021,19,94,1125,120,61,100,6,19,52,249,4654,87,18,544,186,127,226,38,168,52,7926,9
19/01/2021,19,89,1062,111,60,89,6,19,49,259,4474,85,21,556,182,134,222,40,197,51,7706,7
20/01/2021,19,89,1082,104,71,110,7,20,51,244,4590,86,17,531,179,141,223,37,202,56,7840,9
21/01/2021,19,88,999,95,83,105,7,19,51,244,4566,94,21,505,162,137,223,46,215,51,7711,38
22/01/2021,19,86,1026,90,83,119,7,19,58,284,4795,91,25,504,167,141,253,64,227,52,8091,8
23/01/2021,19,79,1034,87,83,137,6,22,65,291,4720,90,26,481,181,161,246,69,229,46,8053,4
24/01/2021,19,86,991,82,81,135,7,22,65,307,4630,76,33,495,176,161,245,71,275,49,7987,4
25/01/2021,19,80,932,68,78,127,6,21,62,321,4351,70,31,469,160,119,240,69,256,48,7508,4
26/01/2021,19,87,954,72,82,127,6,21,63,339,4218,65,32,458,161,133,235,69,254,42,7418,5
27/01/2021,19,71,999,74,88,125,3,19,67,352,4062,58,31,453,167,137,238,64,275,40,7323,4
28/01/2021,19,77,1037,74,87,132,2,20,76,356,3880,63,30,432,165,146,235,61,258,35,7166,3
29/01/2021,19,76,1038,70,90,124,3,21,75,374,3667,59,30,427,144,140,254,67,262,37,6958,9
30/01/2021,19,75,1043,74,87,114,2,29,72,363,3597,67,24,412,131,140,239,72,269,26,6836,0
31/01/2021,19,73,1005,66,88,100,2,33,65,352,3510,71,26,382,125,139,224,65,266,27,6619,0
01/02/2021,19,65,938,61,88,96,2,28,54,311,3282,75,21,359,106,122,217,56,242,26,6149,6
02/02/2021,19,62,911,65,95,81,2,37,49,207,3348,73,10,353,94,120,217,57,229,26,6036,0
03/02/2021,19,62,940,75,86,83,1,43,50,294,3178,79,10,319,96,121,207,58,206,23,5931,0
04/02/2021,19,62,916,79,97,91,2,42,57,281,3196,103,9,297,79,109,209,65,201,22,5917,5
05/02/2021,19,49,896,81,116,89,2,42,67,283,3180,107,10,279,77,109,203,61,188,19,5858,5
06/02/2021,19,48,876,84,118,90,2,40,80,284,3207,104,9,270,69,102,204,70,186,19,5862,4
07/02/2021,19,39,873,82,124,88,2,37,86,273,3209,114,9,265,69,91,200,66,201,17,5845,0
08/02/2021,19,37,834,89,123,84,2,32,80,236,2986,105,8,245,56,90,202,69,184,14,5476,3
09/02/2021,19,30,863,101,134,120,2,40,76,227,2855,106,6,235,53,82,204,64,162,15,5375,3
10/02/2021,19,48,910,99,145,124,2,38,78,220,2923,108,5,217,46,75,197,73,173,12,5493,2
11/02/2021,19,61,890,101,170,123,3,37,80,201,2744,105,4,221,44,65,192,80,174,9,5304,3
12/02/2021,19,75,924,111,182,124,3,31,79,203,2697,115,1,225,40,63,199,83,168,12,5335,5
13/02/2021,18,87,944,117,201,134,4,31,69,202,2721,100,0,220,42,67,222,81,166,13,5421,0
14/02/2021,18,96,954,126,209,143,2,28,70,192,2734,106,0,206,42,77,234,82,169,15,5485,6
15/02/2021,19,101,933,116,203,147,1,26,60,182,2626,118,7,216,40,77,240,81,146,13,5333,3
16/02/2021,19,104,878,117,213,135,1,27,53,176,2467,120,11,222,37,77,244,79,141,17,5119,11
17/02/2021,19,126,854,117,229,145,1,24,44,172,2510,123,11,226,43,85,244,72,131,17,5174,14
18/02/2021,19,124,857,125,231,142,1,28,41,186,2530,120,14,239,46,82,245,70,122,15,5218,3
19/02/2021,19,141,881,131,221,149,1,29,38,196,2627,123,21,262,45,91,259,69,117,15,5416,11
20/02/2021,19,139,937,136,209,158,1,41,37,213,2833,127,27,281,53,95,249,61,101,15,5713,4
21/02/2021,19,156,925,131,204,172,3,46,33,230,2992,118,31,277,52,106,261,62,162,15,5976,2
22/02/2021,19,140,999,143,193,163,6,48,29,231,2837,121,30,295,51,127,255,52,149,13,5882,5
23/02/2021,19,139,1026,153,162,161,5,52,27,232,2796,121,34,308,54,136,253,47,156,11,5873,3
24/02/2021,19,154,1125,156,157,158,8,71,25,248,2939,115,70,329,64,149,247,42,177,14,6248,3
25/02/2021,19,148,1217,169,148,167,11,76,25,250,3074,113,83,398,66,152,237,41,213,16,6604,4
26/02/2021,19,154,1242,226,131,158,12,77,24,267,3210,122,99,429,71,181,240,36,234,16,6929,7
27/02/2021,19,165,1445,253,129,161,14,79,20,262,3277,124,106,448,80,193,235,35,251,16,7293,1
28/02/2021,19,149,1434,267,129,175,16,80,20,247,3314,106,104,472,80,202,235,36,265,16,7347,1
01/03/2021,19,150,1445,279,121,166,21,75,17,231,3335,101,104,501,73,188,224,37,271,15,7354,3
02/03/2021,19,150,1266,290,121,163,22,84,16,215,3307,106,106,519,77,197,223,40,269,18,7189,24
03/03/2021,19,145,1254,290,113,165,21,95,19,197,3516,121,107,552,82,227,221,42,278,27,7472,4
04/03/2021,19,151,1288,297,108,174,24,104,18,176,3655,122,115,574,89,227,221,39,290,30,7702,3
05/03/2021,19,147,1202,327,109,167,24,114,17,169,3815,128,108,627,83,249,218,36,298,35,7873,8
06/03/2021,19,150,1180,333,112,171,28,123,26,179,4046,130,112,633,93,254,247,41,292,40,8190,16
07/03/2021,19,162,1230,321,107,159,29,127,29,177,4130,143,101,642,91,257,248,44,287,41,8325,6
08/03/2021,19,172,1161,327,103,150,29,130,39,183,4207,140,104,650,76,263,268,41,308,53,8404,9
09/03/2021,19,186,1051,338,97,144,31,152,38,195,4294,136,96,660,74,293,258,45,310,64,8462,4
10/03/2021,19,197,1116,363,104,130,32,162,50,193,4310,149,136,667,70,275,277,56,313,72,8672,0
11/03/2021,19,206,1217,387,108,117,31,168,57,204,4617,161,160,704,89,284,306,55,316,74,9261,5
12/03/2021,19,235,1262,449,110,108,30,177,64,217,4771,184,175,818,86,287,340,55,313,77,9758,9
13/03/2021,19,249,1269,480,109,101,31,194,75,231,4791,191,180,830,94,279,338,61,310,83,9896,3
14/03/2021,19,283,1266,445,115,116,29,207,74,246,5027,226,213,828,103,336,402,61,387,98,10462,29
15/03/2021,19,288,1317,445,116,107,29,205,84,244,5016,207,247,837,90,327,429,67,367,114,10536,11
16/03/2021,19,290,1283,435,117,103,29,202,82,239,4909,216,260,851,82,328,439,75,409,112,10461,8
17/03/2021,19,299,1286,397,118,120,29,210,86,227,5147,243,290,880,86,402,474,80,439,110,10923,21
18/03/2021,19,339,1283,477,140,137,28,225,85,232,5446,258,360,894,92,383,510,91,472,123,11575,20
19/03/2021,19,330,1379,506,162,135,25,226,94,255,5643,289,405,972,87,357,517,97,485,162,12126,31
20/03/2021,19,308,1401,557,164,134,25,223,101,256,5755,296,442,985,90,441,508,109,523,161,12479,6
21/03/2021,19,328,1507,563,159,133,22,236,106,282,6071,312,459,955,98,455,518,119,506,186,13015,11
22/03/2021,19,338,1747,567,158,154,17,228,108,284,6936,281,517,1045,89,522,556,135,526,210,14418,25
23/03/2021,19,355,1733,600,165,146,19,214,110,288,7241,298,530,1106,84,522,554,161,502,198,14826,6
24/03/2021,19,357,1791,586,174,161,24,229,96,307,7640,335,535,1095,90,537,522,177,511,214,15381,0
25/03/2021,19,354,1805,592,176,162,26,215,116,288,7873,425,518,1068,87,552,525,196,475,230,15683,47
26/03/2021,19,359,1942,655,179,154,32,214,113,340,8902,449,493,1121,111,578,511,239,474,263,17129,12
27/03/2021,19,431,2120,764,216,161,38,237,108,388,9415,421,546,1172,157,649,548,272,452,252,18347,6
28/03/2021,19,422,2210,780,212,170,40,211,111,399,9810,457,545,1262,152,653,519,297,411,263,18924,20
29/03/2021,19,464,2317,818,234,152,44,188,117,401,9873,441,542,1365,162,627,492,328,378,303,19246,2
30/03/2021,19,473,2509,830,269,165,51,198,133,434,10553,431,541,1359,150,428,490,358,369,329,20070,22
31/03/2021,19,475,2674,1031,301,152,53,212,145,485,11135,430,564,1382,157,403,493,380,379,344,21195,7
01/04/2021,19,450,2781,1177,311,150,70,212,161,521,11327,454,592,1376,162,523,601,386,356,369,21979,2
02/04/2021,19,546,3219,1332,364,174,83,224,163,553,11586,468,608,1490,208,595,673,415,398,389,23488,0
03/04/2021,19,554,3367,1348,386,180,91,227,176,578,11718,460,595,1433,213,592,709,428,351,392,23798,3
04/04/2021,19,653,3680,1376,426,198,100,248,207,726,12235,472,676,1523,226,608,853,453,430,412,25502,2
05/04/2021,19,592,3763,1247,440,180,106,241,212,734,11993,464,543,1452,200,526,859,435,377,406,24770,8
06/04/2021,19,583,3759,1373,447,162,101,248,227,749,12271,438,547,1450,205,579,909,457,391,413,25309,8
07/04/2021,19,575,3968,1394,485,179,124,304,243,828,13102,496,513,1510,224,619,1022,482,437,414,26919,11
08/04/2021,19,619,4296,1416,528,187,139,359,255,895,13460,521,503,1509,245,637,1085,525,526,436,28141,4
09/04/2021,19,682,5018,1459,606,273,156,426,273,962,15905,618,486,1586,258,739,1203,585,653,454,32342,-3503
10/04/2021,19,765,5524,1514,699,294,164,503,316,1102,17445,672,522,1693,290,820,1284,666,734,525,35532,36
11/04/2021,19,737,5132,1245,670,275,154,496,319,1121,15954,632,464,1545,264,810,1309,683,662,431,32903,12
12/04/2021,19,781,5133,1228,711,270,158,515,312,1090,15520,645,471,1452,282,802,1312,708,688,437,32515,33
13/04/2021,19,783,4809,1190,711,266,162,513,308,1097,14627,660,537,1398,296,793,1297,725,693,437,31302,30
14/04/2021,19,802,4790,1138,748,264,157,563,315,1074,14247,635,536,1418,310,770,1313,783,748,444,31055,5
15/04/2021,19,871,4870,1096,798,247,141,638,316,1097,14770,656,638,1415,327,792,1345,892,805,422,32136,2
16/04/2021,19,909,4854,1101,777,249,137,644,341,1154,14305,707,683,1305,329,800,1304,892,773,398,31662,7
17/04/2021,19,885,4812,1036,756,226,124,589,355,1143,14243,689,704,1282,334,823,1219,833,797,366,31216,4
18/04/2021,19,860,4549,945,700,212,123,589,348,1149,13566,712,727,1196,331,779,1193,826,760,354,29919,2
19/04/2021,19,834,4402,965,681,189,117,562,331,1172,12798,645,722,1179,319,722,1198,877,728,317,28758,8
20/04/2021,19,718,4208,940,676,162,119,567,310,1164,12322,629,715,1221,329,684,1129,836,701,285,27715,6
21/04/2021,19,709,4296,926,793,187,110,543,294,1122,12176,657,703,1185,330,850,1101,911,789,287,27969,10
22/04/2021,19,787,4447,858,845,180,110,542,293,1136,12164,645,733,1137,341,876,1117,924,841,291,28267,13
23/04/2021,19,811,4489,847,899,199,110,513,298,1116,12418,659,770,1144,328,944,1101,915,905,283,28749,12
24/04/2021,19,734,4413,845,924,207,97,518,297,1138,12149,694,720,1096,336,1017,1078,870,955,286,28374,5
25/04/2021,19,736,4488,837,901,209,97,554,290,1140,11978,668,694,1054,322,984,1048,830,936,284,28050,10
26/04/2021,19,712,4375,862,921,197,97,589,303,1077,11691,634,649,988,295,979,997,829,917,286,27398,5
27/04/2021,19,702,4336,856,952,231,101,581,301,1065,11635,664,623,923,301,1020,974,853,891,273,27282,22
28/04/2021,19,691,4419,838,1032,252,105,602,307,1057,11972,664,635,937,290,1135,968,870,1058,291,28123,8
29/04/2021,19,739,4423,764,1066,308,106,592,309,1060,11933,706,660,935,285,1094,946,870,1127,283,28206,9
30/04/2021,19,724,4381,723,1048,333,106,587,287,1037,11849,730,648,904,277,1100,960,902,1126,267,27989,8
01/05/2021,19,690,4366,732,985,348,108,545,266,1063,11702,713,614,858,261,1078,941,877,1072,270,27489,3
02/05/2021,19,630,4142,693,951,349,96,489,236,1062,11132,729,551,774,236,984,916,802,947,280,25999,4
03/05/2021,19,620,3874,608,864,351,92,497,215,1029,10618,666,496,728,211,886,823,774,923,266,24541,3
04/05/2021,19,633,3954,585,841,370,92,473,201,1023,10802,711,486,712,217,827,819,758,840,261,24605,16
05/05/2021,19,640,4087,566,845,391,85,478,190,1060,11073,739,466,726,235,843,870,744,922,270,25230,9
06/05/2021,19,988,4069,505,824,398,86,508,183,1122,11285,753,468,695,240,872,920,744,1025,286,25971,10
07/05/2021,19,619,4077,486,848,394,78,496,176,1083,11308,761,450,664,241,1264,900,752,1096,268,25961,4
08/05/2021,19,618,4064,467,801,407,68,406,173,1133,11553,787,433,631,249,1281,937,717,984,270,25979,3
09/05/2021,19,619,4040,432,735,380,68,376,161,1131,11293,761,410,607,232,1303,951,679,989,280,25447,2
10/05/2021,19,554,3935,427,734,361,66,317,164,1050,11030,764,381,576,226,1326,951,653,953,267,24735,13
11/05/2021,19,554,4016,446,782,422,72,346,172,1070,11402,790,369,574,240,1411,979,680,967,262,25554,4
12/05/2021,19,523,4023,465,848,423,76,404,192,1133,11412,822,399,570,253,1415,1003,673,1022,272,25928,14
13/05/2021,19,559,4132,435,887,436,94,381,202,1256,11815,907,394,618,265,1644,1111,685,1130,265,27216,6
14/05/2021,19,560,4178,421,912,452,111,372,209,1337,12023,947,410,609,280,1754,1146,716,1102,247,27786,11
15/05/2021,19,576,4206,422,981,456,124,376,228,1390,12041,978,403,597,250,1764,1160,722,1058,258,27990,3
16/05/2021,19,574,4146,411,939,441,131,365,234,1443,12024,954,403,560,230,1657,1177,698,1067,261,27715,3
17/05/2021,19,567,4024,400,942,433,134,333,254,1430,11952,950,400,552,213,1628,1194,697,951,280,27334,5
18/05/2021,19,599,4048,399,1030,457,154,335,253,1442,12208,943,381,552,228,1696,1203,709,973,260,27870,8
19/05/2021,19,614,4139,408,1087,466,167,380,272,1493,12722,1055,412,592,243,1766,1220,718,1111,273,29138,5
20/05/2021,19,681,4349,422,1142,468,184,413,301,1593,13498,1150,443,624,262,1820,1318,775,1242,288,30973,5
21/05/2021,19,737,4617,410,1223,487,204,486,327,1684,14315,1233,477,616,260,2008,1342,803,1250,298,32777,5
22/05/2021,19,774,4785,405,1233,506,216,493,354,1737,14587,1279,482,620,265,1982,1356,808,1228,301,33411,2
23/05/2021,19,729,4777,402,1204,488,212,500,387,1851,14837,1284,477,634,272,1948,1394,795,1215,290,33696,0
24/05/2021,19,717,4834,397,1212,428,205,454,366,1760,14702,1304,449,622,276,1965,1350,800,1203,281,33325,9
25/05/2021,19,765,4915,400,1265,428,224,467,376,1872,15166,1326,471,616,319,2065,1388,809,1125,260,34257,8
26/05/2021,19,791,5190,414,1288,429,206,537,402,1931,16076,1368,480,604,343,2175,1473,835,1330,249,36121,10
27/05/2021,19,821,5151,447,1309,392,194,588,421,2064,16421,1456,507,593,375,2290,1469,848,1425,226,36997,5
28/05/2021,19,766,4943,450,1183,330,195,580,433,2021,15831,1422,502,545,349,2162,1379,798,1298,232,35419,40
29/05/2021,19,818,5383,480,1174,365,214,529,458,2227,16744,1538,519,539,423,2347,1483,840,1363,231,37675,1
30/05/2021,19,775,5432,480,1133,348,230,502,451,2218,16610,1561,545,518,424,2199,1432,812,1321,235,37226,13
31/05/2021,19,773,5349,521,1144,321,238,499,421,2161,16354,1547,517,484,429,2220,1385,833,1224,234,36654,31
01/06/2021,19,759,5491,543,1138,343,245,502,412,2110,16258,1588,518,462,445,2162,1375,849,1209,225,36634,12
02/06/2021,19,769,5458,539,1202,365,246,531,406,2046,16558,1653,519,454,471,2127,1416,881,1296,234,37171,16
03/06/2021,19,783,5282,542,1127,361,253,476,401,2045,16223,1593,481,433,436,1985,1417,849,1292,239,36218,21
04/06/2021,19,787,5362,545,1136,392,264,527,407,2028,16009,1701,470,419,444,1978,1362,844,1258,265,36198,13
05/06/2021,19,834,5491,536,1110,398,288,498,431,2023,16244,1811,472,411,479,1948,1352,870,1182,261,36639,15
06/06/2021,19,857,5562,532,1085,402,282,455,420,2118,16309,1891,467,381,463,1898,1335,879,1161,260,36757,9
07/06/2021,19,809,5307,505,1061,341,276,465,387,2017,15335,1864,430,348,428,1706,1190,840,1130,265,34704,21
08/06/2021,19,871,5250,524,1112,364,310,496,381,2013,15248,1901,418,342,459,1809,1200,854,1018,262,34832,13
09/06/2021,19,911,5219,504,1180,388,292,568,389,1994,15282,1893,446,352,469,1852,1211,856,1030,281,35117,22
10/06/2021,19,931,5201,493,1178,364,301,628,381,2055,15388,1898,444,356,522,1830,1198,850,1094,299,35411,45
11/06/2021,19,909,5255,479,1176,334,298,632,387,2105,15209,1961,421,345,540,1865,1173,869,992,296,35246,27
12/06/2021,19,931,5264,461,1119,330,282,637,391,2108,14854,1900,417,347,539,1809,1193,851,936,290,34659,13
13/06/2021,19,877,5196,405,1049,315,272,628,383,2132,14202,1847,427,329,509,1722,1128,812,886,280,33399,11
14/06/2021,19,824,5004,423,979,301,242,540,349,2060,13665,1764,398,311,518,1553,1036,775,867,293,31902,14
15/06/2021,19,756,4851,416,972,306,249,570,347,2015,13358,1803,418,314,532,1514,1034,771,831,280,31337,16
16/06/2021,19,753,4829,437,1025,330,256,585,345,1952,13387,1755,416,339,563,1572,1024,757,828,277,31430,24
17/06/2021,19,745,4757,411,957,313,229,489,339,1930,12817,1666,399,323,542,1459,974,717,781,274,30122,17
18/06/2021,19,661,4629,408,928,290,216,432,336,1915,12541,1584,397,312,539,1324,925,707,748,263,29155,22
19/06/2021,19,634,4451,411,892,270,208,351,341,1848,12023,1418,392,302,495,1217,898,677,700,261,27789,13
20/06/2021,19,580,4287,398,833,250,187,283,340,1733,11342,1287,392,295,441,1057,863,644,638,250,26100,12
21/06/2021,19,564,4005,389,803,209,176,233,316,1541,10495,1228,356,276,420,916,824,611,593,240,24195,22
22/06/2021,19,562,3846,384,820,207,162,250,308,1463,10214,1153,349,272,442,902,772,595,526,222,23449,19
23/06/2021,19,581,3729,361,802,207,156,246,304,1338,9987,1071,332,269,436,899,717,560,550,216,22761,19
24/06/2021,19,572,3555,348,755,194,135,217,294,1230,9480,1012,319,248,397,833,715,536,554,216,21610,23
25/06/2021,19,537,3398,343,716,166,131,178,285,1170,8931,924,294,244,380,744,688,527,522,207,20385,28
26/06/2021,19,502,3191,301,673,150,119,169,268,1139,8316,887,296,243,349,618,651,474,492,195,19033,17
27/06/2021,19,471,3032,273,660,132,105,155,251,1085,7842,825,280,239,309,537,606,442,453,181,17878,20
28/06/2021,19,458,2795,252,679,120,80,142,222,1017,7244,759,252,228,302,462,539,412,453,172,16588,27
29/06/2021,19,449,2678,243,643,112,69,155,208,1012,6787,741,241,218,291,476,495,376,397,172,15763,22
30/06/2021,19,436,2559,238,618,108,66,161,187,961,6571,712,234,202,288,488,467,377,414,181,15268,16
01/07/2021,19,441,2381,232,596,105,65,161,172,937,6381,681,220,198,282,419,445,374,418,182,14690,9
02/07/2021,19,401,2231,216,570,102,58,142,148,905,5868,606,201,182,308,371,411,354,406,177,13657,22
03/07/2021,19,400,2053,204,534,89,50,144,135,810,5394,562,202,179,310,326,373,322,362,164,12613,16
04/07/2021,19,371,1950,181,475,82,48,134,115,746,4899,529,192,170,281,306,328,301,334,158,11600,16
05/07/2021,19,348,1792,164,396,79,51,121,96,681,4506,484,184,151,261,284,293,288,325,142,10646,23
06/07/2021,19,339,1667,158,374,89,47,126,90,617,4184,457,172,140,256,282,279,270,297,135,9979,20
07/07/2021,19,326,1564,161,357,84,44,123,76,614,4040,440,152,132,243,300,274,268,303,131,9632,21
08/07/2021,19,322,1484,157,327,78,45,121,67,575,3771,414,143,123,225,273,266,267,299,131,9088,20
09/07/2021,19,298,1383,148,299,77,44,107,63,538,3524,388,132,69,216,244,261,236,280,135,8442,20
10/07/2021,19,284,1302,134,275,78,36,103,54,477,3195,388,130,61,202,233,246,223,248,123,7792,19
11/07/2021,19,256,1246,117,249,74,34,82,44,445,2938,370,126,58,173,206,240,209,226,127,7220,17
12/07/2021,19,228,1155,109,232,70,34,65,37,400,2692,338,105,59,148,200,232,187,205,116,6612,11
13/07/2021,19,230,1087,99,207,68,29,66,36,366,2517,304,99,64,157,205,224,176,186,109,6229,14
14/07/2021,19,229,1039,96,196,70,29,77,31,359,2414,291,88,62,144,205,219,162,174,113,5998,10
15/07/2021,19,209,965,90,190,62,25,63,31,328,2222,241,75,54,133,193,209,139,147,110,5486,8
16/07/2021,19,192,901,75,186,62,23,68,28,302,2079,222,68,47,125,189,214,122,143,106,5152,13
17/07/2021,19,183,870,77,173,59,15,59,25,286,1956,209,69,44,132,179,204,114,131,102,4887,6
18/07/2021,19,167,833,67,162,56,14,56,22,267,1822,189,64,43,116,163,193,98,110,92,4534,8
19/07/2021,19,148,759,59,153,55,8,52,11,254,1614,183,57,39,107,142,177,83,92,89,4082,20
20/07/2021,19,133,720,52,134,48,6,52,11,243,1527,172,52,42,91,141,161,77,76,90,3828,1
21/07/2021,19,120,652,59,124,47,4,57,11,223,1430,156,47,35,77,105,131,62,71,84,3495,1
22/07/2021,19,117,592,60,114,47,3,54,12,207,1367,146,44,34,78,96,113,55,63,85,3287,8
23/07/2021,19,108,606,52,108,45,2,49,14,175,1266,156,44,35,71,88,111,48,61,77,3116,8
24/07/2021,19,96,550,54,102,36,1,42,12,169,1212,152,44,35,60,82,104,40,58,72,2921,2
25/07/2021,18,88,519,47,97,30,0,36,9,161,1120,137,41,31,53,65,93,38,50,63,2678,6
26/07/2021,18,76,477,50,99,22,0,34,8,155,1041,129,37,32,40,51,86,31,39,60,2467,11
27/07/2021,19,67,480,58,93,20,1,40,9,138,1006,131,33,30,35,59,77,27,37,63,2404,17
28/07/2021,19,67,462,61,90,16,1,30,10,127,979,118,31,31,36,62,72,21,35,56,2305,15
29/07/2021,19,64,453,60,93,11,1,27,8,122,939,112,27,31,31,65,67,15,34,67,2227,15
30/07/2021,19,59,429,56,96,12,1,19,8,114,909,113,23,34,29,58,55,14,29,57,2115,13
31/07/2021,19,59,422,53,93,9,1,18,7,114,912,102,24,35,28,56,48,10,29,52,2072,10
01/08/2021,19,57,402,51,85,7,1,18,4,110,871,94,23,35,26,45,47,12,29,50,1967,11
02/08/2021,19,50,390,43,99,6,2,15,5,99,863,81,24,33,20,41,48,10,29,46,1904,14
03/08/2021,19,57,373,39,97,6,2,14,2,91,835,76,20,37,18,40,40,10,30,46,1833,16
04/08/2021,19,55,366,37,88,4,3,16,1,83,845,75,22,36,19,40,39,11,31,41,1812,16
05/08/2021,18,56,335,40,84,3,1,23,0,90,859,68,21,41,19,28,36,13,31,39,1787,17
06/08/2021,18,51,318,35,81,2,1,23,0,87,863,69,26,32,20,22,31,14,32,35,1742,13
07/08/2021,18,46,298,32,66,4,1,22,0,82,810,67,28,32,18,18,28,12,28,27,1619,18
08/08/2021,18,49,306,30,61,2,1,26,0,87,829,62,30,29,18,16,26,14,25,25,1636,10
09/08/2021,19,47,275,26,63,2,1,29,1,82,799,60,29,22,13,16,20,11,29,16,1541,11
10/08/2021,19,45,263,25,70,3,1,29,1,77,793,53,30,21,18,14,19,12,30,17,1521,17
11/08/2021,18,40,254,31,63,3,0,28,1,80,813,56,32,19,21,13,24,12,33,15,1538,12
12/08/2021,18,38,235,34,53,6,0,40,1,86,802,60,31,17,21,8,26,11,29,15,1513,18
13/08/2021,18,33,214,35,45,8,0,37,1,86,789,60,30,23,19,10,27,10,26,15,1468,4
14/08/2021,18,29,215,35,46,10,0,36,1,81,791,59,29,29,22,9,26,13,25,14,1470,16
15/08/2021,18,25,206,35,48,10,0,30,1,80,775,57,27,30,22,9,28,12,22,14,1431,10
16/08/2021,18,23,197,36,47,8,0,30,1,74,744,59,27,32,18,9,30,15,17,11,1378,12
17/08/2021,18,18,198,34,43,10,0,32,1,75,726,64,21,38,22,12,31,14,20,9,1368,15
18/08/2021,18,20,188,37,44,10,0,32,1,80,755,67,21,42,22,16,29,12,19,9,1404,20
19/08/2021,19,23,183,31,44,15,2,26,1,78,738,65,17,48,20,15,28,15,16,9,1374,11
20/08/2021,19,24,181,31,43,15,2,20,1,77,754,76,16,54,18,18,32,17,13,8,1400,12
21/08/2021,19,22,182,31,37,16,3,18,4,75,757,74,14,63,21,22,30,17,12,8,1406,12
22/08/2021,19,22,193,32,34,16,5,11,4,72,717,69,15,64,21,23,28,18,13,10,1367,12
23/08/2021,19,19,186,28,37,16,4,10,5,71,693,69,13,57,17,30,29,17,8,9,1318,9
24/08/2021,19,16,194,26,36,16,4,8,6,66,676,70,10,57,19,40,30,17,6,10,1307,17
25/08/2021,19,17,198,24,35,15,4,7,6,58,691,69,6,56,18,40,28,19,5,9,1305,12
26/08/2021,19,16,199,23,39,11,4,7,6,56,656,53,7,50,18,42,25,18,4,8,1242,13
27/08/2021,19,17,203,23,36,9,4,3,7,52,610,46,6,48,16,42,21,19,3,10,1175,11
28/08/2021,19,17,219,23,33,7,4,5,8,49,600,44,5,36,16,44,25,18,7,9,1169,10
29/08/2021,19,13,212,21,30,8,4,6,7,47,616,31,5,38,12,48,23,17,6,9,1153,12
30/08/2021,19,11,210,17,26,7,3,3,8,38,596,22,5,33,10,45,25,17,6,8,1090,16
31/08/2021,19,14,247,12,23,7,2,4,9,37,604,22,5,25,9,50,29,17,10,12,1138,15
01/09/2021,19,14,281,15,21,6,2,4,9,34,602,21,7,23,9,54,28,19,10,17,1176,14
02/09/2021,19,15,321,21,19,4,1,5,7,40,633,21,6,24,7,56,30,20,9,18,1257,3
03/09/2021,18,15,349,21,16,4,0,7,7,41,652,16,5,24,7,54,29,23,11,20,1301,10
04/09/2021,18,12,387,20,19,4,0,7,5,44,663,16,4,24,10,57,29,26,11,21,1359,0
05/09/2021,18,10,405,18,19,4,0,6,5,43,690,13,4,22,9,51,27,27,11,21,1385,14
06/09/2021,18,7,430,18,23,3,0,6,4,44,709,11,9,19,11,49,26,28,9,20,1426,13
07/09/2021,18,8,457,18,23,4,0,6,3,44,729,13,8,22,10,46,28,30,9,19,1477,12
08/09/2021,18,5,495,17,22,3,0,6,1,48,775,15,7,21,9,43,40,29,9,24,1569,23
09/09/2021,18,4,537,14,20,2,0,5,2,46,779,16,7,21,8,40,42,27,11,28,1609,13
10/09/2021,18,5,560,15,23,2,0,4,3,47,811,14,8,20,7,33,39,26,7,29,1653,6
11/09/2021,18,4,571,16,28,3,0,3,2,42,824,14,8,23,9,29,40,33,7,25,1681,15
12/09/2021,18,2,586,16,31,3,0,3,2,41,860,14,8,23,10,27,41,30,6,24,1727,10
13/09/2021,18,1,563,18,31,2,0,1,1,36,854,15,6,22,9,20,39,30,9,27,1684,13
14/09/2021,16,0,545,23,35,2,0,0,3,31,882,17,8,21,9,17,43,29,6,25,1696,13
15/09/2021,16,0,521,29,35,4,0,0,3,34,892,18,11,17,9,17,44,29,6,24,1693,34
16/09/2021,16,0,516,29,33,4,0,0,3,36,884,18,10,17,9,16,44,33,5,23,1680,3
17/09/2021,16,0,498,31,34,5,0,0,4,40,878,19,12,18,9,15,43,34,6,18,1664,7
18/09/2021,16,0,475,35,32,5,0,0,4,39,870,24,8,12,8,14,43,32,6,17,1624,15
19/09/2021,16,0,476,35,33,5,0,0,4,40,846,22,9,11,6,13,42,32,6,13,1593,12
20/09/2021,16,0,457,37,32,6,0,0,4,44,835,20,9,9,5,13,41,33,3,12,1560,13
21/09/2021,17,0,462,37,29,5,0,1,3,43,805,29,10,2,7,20,42,32,2,11,1540,10
22/09/2021,18,0,446,37,31,6,1,1,3,42,812,29,14,4,6,20,41,35,2,11,1541,5
23/09/2021,17,0,432,37,33,5,0,2,3,47,807,30,15,3,4,22,41,33,1,8,1523,5
24/09/2021,17,0,426,32,31,4,0,2,1,43,790,28,16,3,2,16,41,31,1,6,1473,8
25/09/2021,18,1,418,24,30,4,0,2,1,41,774,29,19,3,1,15,39,33,1,6,1441,7
26/09/2021,17,0,415,24,31,3,0,2,1,40,757,27,18,3,2,13,36,32,1,7,1412,9
27/09/2021,17,0,393,22,30,3,0,3,1,41,705,25,19,2,3,12,36,30,1,3,1329,9
28/09/2021,16,1,389,20,31,3,0,4,0,43,705,33,17,2,6,10,34,30,0,4,1332,11
29/09/2021,15,1,385,17,33,0,0,4,0,38,714,31,18,2,7,9,34,26,0,4,1323,16
30/09/2021,17,2,371,16,34,1,0,4,0,44,720,26,16,3,10,9,29,24,1,4,1314,13
01/10/2021,17,2,384,17,37,1,0,5,0,40,700,23,16,3,10,7,26,24,2,3,1300,12
02/10/2021,18,2,377,13,38,2,0,6,1,40,693,19,15,2,10,5,24,20,3,2,1272,12
03/10/2021,17,3,366,13,40,2,0,5,1,40,646,21,14,2,11,5,23,18,3,0,1213,10
04/10/2021,17,3,343,12,42,2,0,6,1,37,635,16,15,2,11,6,19,17,2,0,1169,10
05/10/2021,17,2,361,14,49,2,0,4,2,30,609,16,13,2,13,4,16,14,3,0,1154,14
06/10/2021,17,2,371,17,55,3,0,4,7,26,622,16,12,3,12,5,17,16,5,0,1193,9
07/10/2021,17,1,388,19,66,3,0,5,10,25,649,10,10,3,13,7,20,16,5,0,1250,14
08/10/2021,18,2,397,23,84,3,1,5,10,20,685,9,7,3,15,8,16,14,4,0,1306,10
09/10/2021,18,2,406,23,94,3,1,7,11,19,679,7,8,3,15,10,19,17,3,0,1327,13
10/10/2021,18,2,411,22,97,3,1,6,13,20,690,9,8,1,16,12,22,15,3,0,1351,9
11/10/2021,18,2,421,20,95,3,1,5,13,18,649,8,8,2,15,13,25,14,3,0,1315,12
12/10/2021,18,3,409,19,103,2,1,3,14,16,658,9,7,3,13,11,33,19,3,0,1326,10
13/10/2021,18,2,405,16,113,3,1,3,16,16,693,11,7,4,13,11,34,18,2,0,1368,0
14/10/2021,19,2,416,15,117,3,1,3,20,21,747,13,6,4,14,10,38,20,12,1,1463,4
15/10/2021,19,3,419,13,118,5,1,3,20,29,804,13,6,3,14,10,41,19,11,1,1533,3
16/10/2021,19,3,401,13,116,4,1,10,19,31,845,15,4,3,10,10,45,18,13,1,1562,10
17/10/2021,19,3,409,9,110,4,1,11,21,35,852,15,4,6,12,9,46,16,12,1,1576,12
18/10/2021,19,3,398,6,100,4,1,11,21,38,831,16,3,5,14,7,48,17,12,1,1536,11
19/10/2021,18,2,380,5,104,4,1,16,20,42,872,18,2,5,13,5,42,19,15,0,1565,-11
20/10/2021,18,1,389,3,92,5,0,17,19,44,922,21,2,5,12,4,42,18,16,1,1613,4
21/10/2021,18,2,403,4,88,5,0,22,22,46,952,22,1,6,13,3,40,17,16,2,1664,7
22/10/2021,17,6,426,6,85,6,0,23,23,52,987,25,0,8,17,3,40,15,14,3,1739,2
23/10/2021,18,6,420,5,83,6,1,25,29,52,992,25,0,8,19,3,37,17,17,2,1747,0
24/10/2021,18,8,389,10,84,3,1,25,43,52,982,26,0,8,18,2,31,15,15,2,1714,0
25/10/2021,18,7,382,11,89,3,1,23,50,56,967,26,0,7,21,4,26,17,17,2,1709,5
26/10/2021,19,13,386,16,92,7,1,25,64,68,1012,25,1,4,23,4,22,16,26,4,1809,1
27/10/2021,19,13,404,28,95,10,1,34,82,86,997,27,1,4,21,4,19,15,46,5,1892,0
28/10/2021,19,15,406,34,108,12,1,42,94,99,1029,31,1,5,23,3,16,18,50,6,1993,0
29/10/2021,19,17,435,47,119,11,1,58,116,100,1071,33,1,8,29,4,14,24,68,6,2162,0
30/10/2021,19,16,426,55,118,17,2,57,127,118,1107,32,1,10,30,4,15,28,86,9,2258,0
31/10/2021,19,15,446,60,122,17,2,65,136,130,1083,34,1,14,29,3,13,27,86,9,2292,0
01/11/2021,19,13,450,61,123,22,2,68,142,131,1060,31,1,14,27,3,11,31,87,9,2286,4
02/11/2021,19,13,450,61,120,24,2,72,142,143,1057,31,1,12,25,3,12,30,100,19,2317,0
03/11/2021,19,11,448,62,124,23,2,67,145,151,1073,33,1,12,28,3,11,31,105,20,2350,0
04/11/2021,19,10,432,66,119,26,2,72,141,167,1071,30,1,15,31,3,11,30,118,25,2370,1
05/11/2021,19,9,437,61,117,25,2,68,133,176,1052,30,1,15,35,2,12,31,131,36,2373,0
06/11/2021,18,9,422,59,112,26,2,60,119,190,1047,29,0,13,31,2,14,32,133,41,2341,8
07/11/2021,19,6,410,57,116,27,2,52,111,197,1027,26,1,14,35,1,16,31,143,41,2313,11
08/11/2021,18,5,371,46,114,28,2,51,100,195,984,23,1,11,34,0,15,29,138,42,2189,9
09/11/2021,18,3,349,40,109,38,2,42,90,203,951,21,1,8,43,0,15,24,134,52,2125,8
10/11/2021,17,2,324,40,109,46,0,45,78,209,918,19,1,9,52,0,13,25,134,64,2088,3
11/11/2021,17,1,298,40,103,54,0,34,65,205,892,21,2,12,57,0,13,23,133,72,2025,10
12/11/2021,18,1,288,39,97,65,0,39,57,205,897,23,2,14,65,2,9,17,119,82,2021,2
13/11/2021,17,0,304,45,105,74,0,34,58,214,877,23,2,16,72,5,8,17,123,85,2062,3
14/11/2021,18,0,303,37,108,81,5,31,46,222,846,23,2,20,78,6,8,14,118,72,2020,1
15/11/2021,18,0,306,34,104,84,5,26,45,217,770,22,2,18,79,6,6,12,103,66,1905,0
16/11/2021,19,7,312,34,116,99,7,24,48,195,763,20,2,14,96,6,5,13,92,61,1914,8
17/11/2021,19,10,324,38,112,112,9,23,50,194,798,16,2,16,112,6,8,11,80,71,1992,5
18/11/2021,19,12,324,35,104,119,14,25,47,207,756,16,2,17,131,8,6,11,71,59,1964,3
19/11/2021,19,12,336,30,105,117,17,27,50,204,747,17,2,16,140,9,4,12,98,61,2004,0
20/11/2021,19,13,364,30,105,109,17,22,48,213,735,17,2,15,143,10,5,10,102,55,2015,3
21/11/2021,19,12,367,27,107,108,20,22,43,220,721,14,1,12,145,10,10,9,104,50,2002,3
22/11/2021,19,12,363,26,100,116,22,22,39,224,670,12,1,11,143,9,12,8,97,47,1934,0
23/11/2021,19,12,377,25,99,113,22,25,41,229,641,14,1,6,163,17,15,5,100,53,1958,0
24/11/2021,18,9,380,27,106,105,22,26,38,235,662,12,0,9,171,18,14,6,111,49,2000,0
25/11/2021,18,10,390,27,102,98,23,22,43,248,672,19,0,7,186,21,17,5,131,40,2061,2
26/11/2021,18,10,393,31,89,82,20,22,43,257,663,21,0,8,196,24,17,6,130,35,2047,0
27/11/2021,19,8,432,36,90,72,20,22,41,264,656,20,2,9,191,24,18,7,163,69,2144,0
28/11/2021,19,7,434,33,92,75,16,20,38,270,649,19,3,10,182,25,17,5,168,73,2136,2
29/11/2021,19,5,425,34,87,72,17,28,42,266,623,19,1,10,170,26,21,4,172,64,2086,6
30/11/2021,19,5,416,39,82,68,16,29,48,259,620,19,1,12,154,27,19,4,189,68,2075,9
01/12/2021,19,6,417,38,84,61,18,26,53,276,642,18,1,10,155,35,19,4,230,78,2171,1
02/12/2021,19,7,443,44,90,52,22,28,51,294,699,19,1,9,134,37,20,7,227,79,2263,4
03/12/2021,19,8,457,49,99,45,22,28,59,313,707,18,1,10,121,39,23,8,223,90,2320,5
04/12/2021,19,8,460,49,95,43,24,27,61,327,691,12,2,13,111,38,21,10,216,93,2301,4
05/12/2021,19,8,439,48,95,38,24,25,55,312,670,12,3,11,99,38,20,10,214,88,2209,5
06/12/2021,19,5,384,46,96,36,24,18,58,310,648,16,1,10,84,34,19,9,214,75,2087,14
07/12/2021,19,3,392,48,102,39,22,18,65,298,638,19,1,8,89,39,16,8,224,75,2104,0
08/12/2021,18,2,413,49,93,38,22,19,74,307,716,24,0,9,96,46,17,9,231,79,2244,11
09/12/2021,18,3,407,48,102,36,21,29,75,305,743,38,0,10,96,53,20,9,237,79,2311,12
11/12/2021,19,2,417,52,93,28,13,33,88,283,782,51,4,8,103,61,21,7,206,80,2332,11
12/12/2021,19,2,413,57,85,28,11,30,85,264,776,55,4,7,112,57,17,8,199,76,2286,12
13/12/2021,19,2,418,60,87,25,10,32,80,251,766,57,9,5,111,59,18,9,183,71,2253,7
14/12/2021,19,5,407,63,90,21,9,52,74,237,776,64,16,5,139,68,19,10,171,81,2307,15
15/12/2021,19,7,412,76,93,18,10,61,77,235,815,72,21,5,165,73,18,10,160,79,2407,0
16/12/2021,19,6,410,79,85,18,10,75,81,227,890,80,31,6,167,74,17,21,146,76,2499,1
17/12/2021,19,5,408,86,86,15,12,74,76,221,949,97,39,6,202,69,17,24,138,70,2594,0
18/12/2021,19,5,436,93,92,13,14,75,72,223,1028,102,42,8,234,65,18,33,141,69,2763,0
19/12/2021,19,5,448,97,86,13,16,74,66,234,1043,99,43,8,232,63,17,38,137,61,2780,0
20/12/2021,19,3,435,108,88,12,22,74,64,237,1125,101,46,7,243,60,15,43,127,56,2866,0
21/12/2021,19,5,446,115,86,15,28,71,61,236,1244,106,55,8,244,66,13,52,117,63,3031,0
22/12/2021,19,4,462,123,95,17,35,69,58,242,1376,111,64,10,247,66,16,58,108,68,3229,0
23/12/2021,19,5,475,122,102,16,53,65,58,263,1515,122,58,12,237,88,15,62,101,62,3431,1
24/12/2021,19,5,508,116,98,20,88,63,62,295,1759,129,61,16,219,118,18,68,103,58,3804,0
25/12/2021,19,6,544,110,107,25,95,54,49,295,1794,127,66,20,212,189,16,65,100,56,3930,0
26/12/2021,19,5,539,108,124,27,107,47,48,304,1811,129,61,20,189,213,13,68,97,57,3967,0
27/12/2021,19,4,577,92,121,37,129,39,51,320,1971,139,54,28,179,243,14,62,101,69,4230,1
28/12/2021,19,10,621,98,136,42,153,49,54,347,2212,138,55,27,223,361,18,73,118,85,4820,0
29/12/2021,19,25,752,110,149,87,170,59,68,420,2671,154,56,33,284,456,33,99,153,144,5923,0
30/12/2021,19,41,914,123,165,133,198,62,80,460,3140,170,52,41,341,508,41,136,177,155,6937,1
31/12/2021,19,58,1083,117,177,184,224,71,92,505,3848,161,49,71,415,610,64,164,197,162,8252,0
01/01/2022,19,71,1151,115,188,190,236,70,96,523,4134,161,49,90,419,666,73,189,197,160,8778,0
02/01/2022,19,94,1207,125,195,220,232,70,105,602,4353,169,47,108,478,661,80,195,196,155,9292,0
03/01/2022,19,152,1375,141,202,264,248,80,119,691,4872,200,46,151,483,663,88,242,215,180,10412,0
04/01/2022,19,228,1645,170,216,394,285,107,187,895,6111,234,62,262,572,754,125,360,246,196,13049,0
05/01/2022,19,359,2116,191,341,511,305,147,255,1820,8016,289,82,532,762,880,186,547,291,224,17854,2
06/01/2022,19,435,2628,235,476,609,324,188,328,2386,10390,360,105,754,849,932,274,731,311,233,22548,15
07/01/2022,19,601,3160,348,580,665,334,240,398,2788,13317,469,144,1038,968,964,360,887,365,325,27951,0
08/01/2022,19,714,3824,434,680,846,360,314,518,3346,15802,548,180,1347,1110,1013,479,1060,403,345,33323,204
09/01/2022,19,789,4335,484,775,895,387,370,630,4063,18189,677,201,1534,1250,1028,561,1157,424,349,38098,3
10/01/2022,19,943,5013,553,898,951,394,429,797,4795,20423,777,246,1728,1456,1081,693,1286,506,378,43347,3
11/01/2022,19,1158,5690,588,1128,1145,461,487,905,5195,23078,885,348,1909,1740,1225,856,1548,579,448,49373,4
12/01/2022,19,1353,6481,637,1375,1309,511,679,1006,5601,27600,1011,443,2163,2012,1366,1008,1835,725,532,57647,1
13/01/2022,19,1416,7539,728,1500,1439,598,826,1128,6213,32004,1116,536,2359,2233,1482,1167,1953,872,556,65665,10
14/01/2022,19,1476,8121,791,1720,1489,614,901,1230,6322,33584,1213,589,2387,2366,1520,1241,2016,988,599,69167,26
15/01/2022,19,1532,8623,1004,1832,1597,669,1029,1297,6870,35763,1360,679,2423,2520,1547,1405,2152,1117,594,74013,32
16/01/2022,19,1709,9612,1196,2065,1741,696,1154,1415,7522,38952,1520,848,2699,2802,1686,1624,2387,1309,617,81554,0
17/01/2022,19,1757,9759,1297,2101,1650,751,1200,1430,7959,39526,1601,890,2669,2959,1680,1713,2432,1391,627,83392,13
18/01/2022,19,1494,9920,1273,2079,1673,790,1190,1162,7950,39043,1649,974,2691,2892,1789,1856,2293,1462,688,82868,31
19/01/2022,19,1558,10372,1435,2199,1795,809,1288,1186,8068,40258,1760,1024,2900,3027,2070,1931,2345,1713,790,86528,0
20/01/2022,19,1168,8647,1564,1658,1255,580,1058,847,6764,32288,1380,829,2635,2248,1559,1636,1692,1505,663,69976,10
21/01/2022,19,1298,9143,1699,1654,1230,631,1004,841,7036,33368,1483,923,2915,2356,1732,1826,1771,1756,669,73335,17
22/01/2022,19,1299,9382,1709,1687,1302,620,1175,759,6551,34120,1641,878,2942,2110,1818,1885,1652,1785,671,73986,4
23/01/2022,19,1244,9238,1975,1613,1149,588,1087,752,6362,34337,1734,854,2802,2062,1918,1935,1610,1899,630,73789,11
24/01/2022,19,1208,9534,2086,1618,1151,616,1054,702,6100,35263,1936,869,2837,2015,2197,2157,1783,1992,663,75781,0
25/01/2022,19,1132,9699,2206,1706,1194,668,1126,783,5472,35852,1823,866,2771,1861,2261,2304,1712,1967,624,76027,6
26/01/2022,19,1141,9586,2061,2426,1121,697,1104,756,5117,35670,1958,959,2749,1788,2029,2344,1857,2065,582,76010,22
27/01/2022,19,1128,9110,1879,2219,1193,671,1006,823,4667,34637,1809,899,2681,1746,2069,2304,1865,1985,584,73275,24
28/01/2022,19,1129,9536,1834,2183,1135,654,1189,869,4487,34794,1973,897,2547,1696,2054,2279,1882,2253,627,74018,13
29/01/2022,19,1045,9294,1806,1965,1143,598,1028,848,4021,33397,1757,851,2393,1575,1977,2210,1916,2255,576,70655,17
30/01/2022,19,937,9279,1791,1775,1147,546,980,903,3839,32708,1760,833,2296,1503,1894,2133,1818,2089,576,68807,10
31/01/2022,19,909,9217,1606,1784,1118,543,946,986,3299,31832,1978,877,2116,1448,1878,2077,1744,2116,645,67119,2
01/02/2022,19,985,9166,1672,1718,1178,513,932,976,3187,31632,1899,1026,1979,1361,1764,1974,1772,2107,682,66523,19
02/02/2022,19,1009,9301,1732,1637,1206,547,908,992,3145,31634,1878,1147,1766,1270,1798,1939,1779,2278,761,66727,0
03/02/2022,19,1031,9308,1712,1740,1171,573,967,1059,3335,31219,1961,1086,1704,1218,1748,1909,1714,2331,839,66625,11
04/02/2022,19,966,9348,1764,1812,1160,602,1149,1070,3180,31219,2001,1101,1614,1211,1698,2007,1754,2234,896,66786,7
05/02/2022,19,962,9109,1557,1834,1214,624,1206,1118,3183,30708,2087,1226,1501,1142,1611,1942,1757,2165,887,65833,11
06/02/2022,19,886,8883,1550,1787,1153,584,1190,1048,2906,29692,2089,1227,1403,1071,1409,1884,1673,2008,825,63268,8
07/02/2022,19,865,8746,1579,1744,1219,645,1221,1088,2922,29638,1920,1302,1338,997,1339,1932,1707,1977,857,63036,6
08/02/2022,19,893,8586,1427,1679,1104,639,1280,1128,2827,28889,1856,1252,1320,1061,1353,1870,1691,1888,837,61580,2
09/02/2022,19,811,8474,1295,1685,910,586,1289,1116,2675,27928,1824,1248,1173,970,1219,1923,1576,1877,760,59339,12
10/02/2022,19,735,8489,1151,1711,863,551,1187,1032,2445,27588,1971,1137,1157,982,1121,1830,1494,1596,803,57843,7
11/02/2022,19,726,8255,1002,1793,725,525,1206,966,2309,26765,1769,1094,989,860,1046,1916,1435,1499,762,55642,10
12/02/2022,19,659,7913,947,1722,701,464,1294,882,2101,25915,1591,950,898,850,945,1824,1220,1492,698,53066,17
13/02/2022,19,599,7420,864,1751,704,428,1142,866,2049,24553,1459,879,847,824,916,1772,1138,1274,586,50071,10
14/02/2022,19,614,7522,893,1736,672,455,1272,816,1993,23798,1452,888,800,822,942,1716,1087,1222,600,49300,7
15/02/2022,19,602,7014,884,1742,666,431,1291,768,1852,22702,1283,814,814,798,922,1622,1060,1184,630,47079,1
16/02/2022,19,545,7069,877,1730,715,439,1393,768,1737,21851,1269,727,778,797,905,1555,949,1148,618,45870,10
17/02/2022,19,544,6468,843,1674,676,469,1397,673,1644,20346,1211,646,764,778,861,1505,881,1106,602,43088,10
18/02/2022,19,491,6572,867,1588,685,442,1249,606,1704,20690,1137,600,704,746,838,1417,776,973,593,42678,14
19/02/2022,19,416,6265,731,1530,610,412,1255,597,1605,19326,1040,541,644,691,791,1272,710,853,580,39869,12
20/02/2022,19,380,5842,672,1479,588,352,1154,583,1452,18241,1048,512,633,638,749,1209,624,804,516,37476,13
21/02/2022,19,337,5711,605,1556,536,356,990,613,1392,17721,1035,482,617,599,820,1174,596,753,549,36442,16
22/02/2022,19,359,5431,621,1646,490,332,854,589,1360,16739,844,447,587,583,752,1116,541,811,564,34666,13
23/02/2022,19,317,5226,573,1576,436,288,724,563,1282,15539,776,393,512,547,679,1014,478,765,546,32234,2
24/02/2022,19,350,4793,532,1432,414,249,698,539,1261,14156,670,346,485,491,651,984,404,742,542,29739,0
25/02/2022,19,307,4396,490,1285,409,239,636,492,1189,12987,597,361,474,442,611,877,364,634,505,27295,0
26/02/2022,19,296,4135,512,1116,352,235,611,484,1095,11975,511,315,439,424,519,804,349,571,463,25206,0
27/02/2022,19,283,3818,507,1012,331,209,572,477,1063,11466,495,280,379,393,491,749,293,498,420,23736,0
28/02/2022,19,260,3719,491,983,309,183,515,460,1062,10746,432,277,342,388,500,735,276,463,429,22570,0
01/03/2022,19,246,3303,427,850,273,153,436,433,1044,9878,376,238,304,368,416,662,237,383,408,20435,0
02/03/2022,19,235,2933,382,830,245,154,374,430,939,9018,322,216,261,335,360,598,227,362,372,18593,0
03/03/2022,19,254,2611,349,793,216,154,307,370,922,8264,299,203,213,304,348,552,201,304,327,16991,0
04/03/2022,19,238,2382,340,810,221,153,286,348,849,7578,281,180,209,301,316,505,202,283,284,15766,0
05/03/2022,19,235,2125,291,784,180,151,237,336,776,7129,252,155,222,280,272,477,195,265,244,14606,0
06/03/2022,19,219,1985,251,715,174,152,196,310,739,6721,232,143,213,267,247,416,180,227,218,13605,0
07/03/2022,19,223,1930,226,766,179,149,199,311,721,6516,233,144,232,268,277,429,173,232,219,13427,0
08/03/2022,19,222,1888,224,665,185,117,214,313,683,6191,218,153,237,275,254,451,155,229,240,12914,0
09/03/2022,19,216,1871,249,693,170,106,231,281,644,5808,208,155,228,259,252,442,151,225,205,12394,0
10/03/2022,19,207,1744,242,658,167,96,218,255,559,5238,178,127,242,236,221,426,123,206,191,11334,0
11/03/2022,19,219,1596,256,701,158,94,223,241,495,4842,167,111,237,220,193,405,116,175,187,10636,23
12/03/2022,19,201,1515,257,662,167,91,230,221,450,4498,160,110,227,197,180,365,105,140,182,9958,1
13/03/2022,19,192,1412,289,647,183,66,237,199,405,4274,171,99,219,175,178,349,106,124,163,9488,9
14/03/2022,19,181,1418,291,650,187,73,240,200,397,4312,151,98,216,162,202,396,106,119,175,9574,5
15/03/2022,19,204,1422,318,625,181,71,232,184,399,4208,144,100,220,157,196,392,118,129,174,9474,9
16/03/2022,19,195,1411,330,455,196,68,247,197,382,4326,147,75,237,153,188,408,127,129,182,9453,6
17/03/2022,19,189,1449,321,425,232,65,290,230,406,4547,168,79,248,165,182,433,130,146,195,9900,9
18/03/2022,19,184,1477,361,405,241,61,316,258,420,4604,181,80,252,177,185,437,145,197,215,10196,6
19/03/2022,19,167,1434,378,566,258,63,321,279,422,4699,186,79,260,177,174,462,142,216,209,10492,5
20/03/2022,19,149,1342,356,543,270,60,311,287,425,4686,185,70,231,167,164,466,133,214,197,10256,4
21/03/2022,19,147,1275,321,555,255,66,287,296,417,4773,179,66,220,164,161,459,144,215,206,10206,0
22/03/2022,19,122,1141,278,544,253,51,279,334,411,4529,189,69,228,181,146,458,142,211,215,9781,0
23/03/2022,19,105,1104,313,543,256,59,282,277,393,4596,162,68,227,198,125,447,136,192,222,9705,0
24/03/2022,19,90,1035,318,534,224,68,255,288,398,4457,152,71,225,177,128,428,133,192,218,9391,0
25/03/2022,19,88,1011,324,518,209,68,227,269,358,4294,124,73,211,168,116,408,120,179,194,8959,0
26/03/2022,19,86,1012,293,493,199,66,223,267,338,4137,112,76,212,151,109,363,111,149,200,8597,0
27/03/2022,19,83,958,279,471,188,63,198,211,299,4054,104,80,195,143,114,327,103,128,188,8186,0
28/03/2022,19,79,900,242,473,189,65,164,195,270,3943,99,79,188,142,93,313,88,116,202,7840,0
29/03/2022,19,94,816,249,467,184,71,150,171,240,3858,86,75,176,151,94,297,65,109,204,7557,0
30/03/2022,19,84,748,233,454,169,66,138,156,219,3695,75,72,147,137,97,286,52,101,181,7110,0
31/03/2022,19,76,728,215,414,162,65,117,140,211,3515,72,56,123,127,88,242,46,89,162,6648,0
01/04/2022,19,68,696,203,418,167,82,105,130,211,3171,72,47,108,114,79,203,44,75,150,6143,0
02/04/2022,19,64,652,201,407,166,77,93,113,188,2877,65,37,88,100,66,170,37,68,132,5601,0
03/04/2022,19,62,602,169,404,157,74,87,90,166,2716,62,31,89,89,53,163,35,55,129,5233,0
04/04/2022,19,55,606,155,405,153,76,82,84,158,2706,63,31,82,81,52,155,40,51,141,5176,0
05/04/2022,19,58,549,133,424,141,76,75,77,147,2610,68,23,81,69,52,136,40,45,129,4933,0
06/04/2022,19,55,535,117,402,147,87,85,80,148,2348,61,20,86,66,67,118,40,42,112,4616,0
07/04/2022,19,52,489,117,397,117,86,78,83,137,2187,63,14,81,80,57,115,42,39,119,4353,0
08/04/2022,19,50,496,131,133,123,92,73,80,121,2071,54,14,84,67,51,115,40,35,117,3947,0
09/04/2022,19,42,472,119,128,125,75,63,90,114,1964,54,11,68,63,51,116,35,33,120,3743,0
10/04/2022,19,41,451,115,119,113,64,55,84,114,1886,47,11,65,56,52,110,32,31,110,3556,0
11/04/2022,19,46,427,118,110,106,59,56,79,111,1817,45,9,67,55,50,107,28,32,103,3425,0
12/04/2022,19,41,384,122,101,92,54,41,52,103,1702,43,10,61,54,43,97,23,28,87,3138,0
13/04/2022,19,34,336,114,116,84,49,40,42,98,1580,41,8,58,41,42,85,19,21,81,2889,0
14/04/2022,19,38,307,103,411,74,39,39,50,102,1450,40,12,55,39,44,61,22,22,74,2982,0
15/04/2022,19,37,260,97,61,64,31,36,43,86,1295,38,12,49,38,34,47,18,21,71,2338,0
16/04/2022,19,35,217,75,49,56,19,34,38,92,1154,37,11,52,35,31,39,17,19,59,2069,0
17/04/2022,19,35,209,65,45,48,19,31,37,85,1056,38,11,52,39,30,36,15,18,55,1924,0
